"species","spore_volume","ornamented_spores","thick_spores","cystidia_or_paraphyses"
"Aleurodiscus.wakefieldiae",6936,1,1,1
"Athelopsis.glaucina",48.09375,0,0,1
"Bisporella.citrina",108.9,0,0,1
"Ceriporia.reticulata",66.171875,0,0,1
"Crustomyces.subabruptus",20.25,0,0,1
"Dacrymyces.stillatus",468.875,0,0,1
"Diatrype.stigma",40,0,0,1
"Eutypella.quaternata",171.640625,0,0,1
"Fomes.fomentarius",453.75,0,0,1
"Fomitopsis.pinicola",120,0,0,1
"Hyphoderma.cremeoalbum",396.75,0,0,1
"Hyphoderma.litschaueri",128.625,0,0,1
"Hyphoderma.roseocremeum",128.625,0,0,1
"Hyphoderma.transiens",154.6875,0,0,1
"Hyphodermella.rosae",193.75,0,0,1
"Hyphodontia.sambuci",73.828125,0,1,1
"Hypoxylon.fragiforme",355.4375,0,0,1
"Hypoxylon.rubiginosum",275,0,0,1
"Junghuhnia.nitida",23.4375,0,0,1
"Kretzschmaria.deusta",1828.125,0,0,1
"Marasmius.alliaceus",618.75,0,1,1
"Melogramma.spiniferum",4594.21875,0,0,1
"Mycoacia.uda",26.578125,0,0,1
"Peniophora.cinerea",62.390625,0,0,1
"Phanerochaete.laevis",43.484375,0,0,1
"Phanerochaete.sordida",45.375,0,0,1
"Postia.subcaesia",5.445,0,0,1
"Rigidoporus.sanguinolentus",196.625,0,0,1
"Schizopora.flavipora",42.25,0,0,1
"Scopuloides.rimosa",12.25,0,0,1
"Sidera.lenis",6.640625,0,0,1
"Sistotrema.brinkmannii",18.7425,0,0,1
"Skeletocutis.nivea",2.53125,0,0,1
"Stereum.ochraceoflavum",25,0,0,1
"Tapesia.fusca",40,0,0,1
"Tomentella.botryoides",295.75,1,0,1
"Trametes.versicolor",22,0,0,1
"Trichaptum.biforme",29.109375,0,0,1
"Tulasnella.violea",211.25,0,0,1
"Xylaria.hypoxylon",486,0,0,1
