CODE_CIRC,CIRCONSCRIPTION ELECTORALE 2017,CODE_MRC,MRC,CODE_RA,RÉGION ADMINISTRATIVE,TRI_CIRC,TRI_MRC,TRI_RA
648,Abitibi-Est,890,La Vallée-de-l'Or,8,Abitibi-Témiscamingue,ABITIBIEST,LAVALLEEDELOR,ABITIBITEMISCAMINGUE
,,860,Rouyn-Noranda,8,Abitibi-Témiscamingue,ABITIBIEST,ROUYNNORANDA,ABITIBITEMISCAMINGUE
642,Abitibi-Ouest,880,Abitibi,8,Abitibi-Témiscamingue,ABITIBIOUEST,ABITIBI,ABITIBITEMISCAMINGUE
,,870,Abitibi-Ouest,8,Abitibi-Témiscamingue,ABITIBIOUEST,ABITIBIOUEST,ABITIBITEMISCAMINGUE
338,Acadie,660,Montréal,6,Montréal,ACADIE,MONTREAL,MONTREAL
366,Anjou-Louis-Riel,660,Montréal,6,Montréal,ANJOULOUISRIEL,MONTREAL,MONTREAL
520,Argenteuil,760,Argenteuil,15,Laurentides,ARGENTEUIL,ARGENTEUIL,LAURENTIDES
,,750,La Rivière-du-Nord,15,Laurentides,ARGENTEUIL,LARIVIEREDUNORD,LAURENTIDES
,,780,Les Laurentides,15,Laurentides,ARGENTEUIL,LESLAURENTIDES,LAURENTIDES
,,770,Les Pays-d'en-Haut,15,Laurentides,ARGENTEUIL,LESPAYSDENHAUT,LAURENTIDES
144,Arthabaska,390,Arthabaska,17,Centre-du-Québec,ARTHABASKA,ARTHABASKA,CENTREDUQUEBEC
,,320,L'Érable,17,Centre-du-Québec,ARTHABASKA,LERABLE,CENTREDUQUEBEC
806,Beauce-Nord,260,La Nouvelle-Beauce,12,Chaudière-Appalaches,BEAUCENORD,LANOUVELLEBEAUCE,CHAUDIEREAPPALACHES
,,270,Robert-Cliche,12,Chaudière-Appalaches,BEAUCENORD,ROBERTCLICHE,CHAUDIEREAPPALACHES
802,Beauce-Sud,290,Beauce-Sartigan,12,Chaudière-Appalaches,BEAUCESUD,BEAUCESARTIGAN,CHAUDIEREAPPALACHES
,,300,Le Granit,5,Estrie,BEAUCESUD,LEGRANIT,ESTRIE
,,310,Les Appalaches,12,Chaudière-Appalaches,BEAUCESUD,LESAPPALACHES,CHAUDIEREAPPALACHES
,,280,Les Etchemins,12,Chaudière-Appalaches,BEAUCESUD,LESETCHEMINS,CHAUDIEREAPPALACHES
218,Beauharnois,700,Beauharnois-Salaberry,16,Montérégie,BEAUHARNOIS,BEAUHARNOISSALABERRY,MONTEREGIE
822,Bellechasse,190,Bellechasse,12,Chaudière-Appalaches,BELLECHASSE,BELLECHASSE,CHAUDIEREAPPALACHES
,,280,Les Etchemins,12,Chaudière-Appalaches,BELLECHASSE,LESETCHEMINS,CHAUDIEREAPPALACHES
,,251,Lévis,12,Chaudière-Appalaches,BELLECHASSE,LEVIS,CHAUDIEREAPPALACHES
566,Berthier,520,D'Autray,14,Lanaudière,BERTHIER,DAUTRAY,LANAUDIERE
,,620,Matawinie,14,Lanaudière,BERTHIER,MATAWINIE,LANAUDIERE
588,Bertrand,780,Les Laurentides,15,Laurentides,BERTRAND,LESLAURENTIDES,LAURENTIDES
,,770,Les Pays-d'en-Haut,15,Laurentides,BERTRAND,LESPAYSDENHAUT,LAURENTIDES
,,620,Matawinie,14,Lanaudière,BERTRAND,MATAWINIE,LANAUDIERE
536,Blainville,730,Thérèse-De Blainville,15,Laurentides,BLAINVILLE,THERESEDEBLAINVILLE,LAURENTIDES
850,Bonaventure,60,Avignon,11,Gaspésie--Îles-de-la-Madeleine,BONAVENTURE,AVIGNON,GASPESIEILESDELAMADELEINE
,,50,Bonaventure,11,Gaspésie--Îles-de-la-Madeleine,BONAVENTURE,BONAVENTURE,GASPESIEILESDELAMADELEINE
,,20,Le Rocher-Percé,11,Gaspésie--Îles-de-la-Madeleine,BONAVENTURE,LEROCHERPERCE,GASPESIEILESDELAMADELEINE
258,Borduas,570,La Vallée-du-Richelieu,16,Montérégie,BORDUAS,LAVALLEEDURICHELIEU,MONTEREGIE
,,540,Les Maskoutains,16,Montérégie,BORDUAS,LESMASKOUTAINS,MONTEREGIE
360,Bourassa-Sauvé,660,Montréal,6,Montréal,BOURASSASAUVE,MONTREAL,MONTREAL
370,Bourget,660,Montréal,6,Montréal,BOURGET,MONTREAL,MONTREAL
204,Brome-Missisquoi,460,Brome-Missisquoi,16,Montérégie,BROMEMISSISQUOI,BROMEMISSISQUOI,MONTEREGIE
,,470,La Haute-Yamaska,16,Montérégie,BROMEMISSISQUOI,LAHAUTEYAMASKA,MONTEREGIE
238,Chambly,570,La Vallée-du-Richelieu,16,Montérégie,CHAMBLY,LAVALLEEDURICHELIEU,MONTEREGIE
,,550,Rouville,16,Montérégie,CHAMBLY,ROUVILLE,MONTEREGIE
676,Champlain,372,Les Chenaux,4,Mauricie,CHAMPLAIN,LESCHENAUX,MAURICIE
,,350,Mékinac,4,Mauricie,CHAMPLAIN,MEKINAC,MAURICIE
,,371,Trois-Rivières,4,Mauricie,CHAMPLAIN,TROISRIVIERES,MAURICIE
620,Chapleau,810,Gatineau,7,Outaouais,CHAPLEAU,GATINEAU,OUTAOUAIS
748,Charlesbourg,230,Québec,3,Capitale-Nationale,CHARLESBOURG,QUEBEC,CAPITALENATIONALE
760,Charlevoix-Côte-de-Beaupré,160,Charlevoix,3,Capitale-Nationale,CHARLEVOIXCOTEDEBEAUPRE,CHARLEVOIX,CAPITALENATIONALE
,,150,Charlevoix-Est,3,Capitale-Nationale,CHARLEVOIXCOTEDEBEAUPRE,CHARLEVOIXEST,CAPITALENATIONALE
,,210,La Côte-de-Beaupré,3,Capitale-Nationale,CHARLEVOIXCOTEDEBEAUPRE,LACOTEDEBEAUPRE,CAPITALENATIONALE
,,200,L'Île-d'Orléans,3,Capitale-Nationale,CHARLEVOIXCOTEDEBEAUPRE,LILEDORLEANS,CAPITALENATIONALE
226,Châteauguay,670,Roussillon,16,Montérégie,CHATEAUGUAY,ROUSSILLON,MONTEREGIE
754,Chauveau,220,La Jacques-Cartier,3,Capitale-Nationale,CHAUVEAU,LAJACQUESCARTIER,CAPITALENATIONALE
,,230,Québec,3,Capitale-Nationale,CHAUVEAU,QUEBEC,CAPITALENATIONALE
918,Chicoutimi,941,Saguenay,2,Saguenay--Lac-Saint-Jean,CHICOUTIMI,SAGUENAY,SAGUENAYLACSAINTJEAN
460,Chomedey,650,Laval,13,Laval,CHOMEDEY,LAVAL,LAVAL
814,Chutes-de-la-Chaudière,251,Lévis,12,Chaudière-Appalaches,CHUTESDELACHAUDIERE,LEVIS,CHAUDIEREAPPALACHES
826,Côte-du-Sud,140,Kamouraska,1,Bas-Saint-Laurent,COTEDUSUD,KAMOURASKA,BASSAINTLAURENT
,,170,L'Islet,12,Chaudière-Appalaches,COTEDUSUD,LISLET,CHAUDIEREAPPALACHES
,,180,Montmagny,12,Chaudière-Appalaches,COTEDUSUD,MONTMAGNY,CHAUDIEREAPPALACHES
320,D'Arcy-McGee,660,Montréal,6,Montréal,DARCYMCGEE,MONTREAL,MONTREAL
508,Deux-Montagnes,720,Deux-Montagnes,15,Laurentides,DEUXMONTAGNES,DEUXMONTAGNES,LAURENTIDES
138,Drummond-Bois-Francs,390,Arthabaska,17,Centre-du-Québec,DRUMMONDBOISFRANCS,ARTHABASKA,CENTREDUQUEBEC
,,490,Drummond,17,Centre-du-Québec,DRUMMONDBOISFRANCS,DRUMMOND,CENTREDUQUEBEC
914,Dubuc,942,Le Fjord-du-Saguenay,2,Saguenay--Lac-Saint-Jean,DUBUC,LEFJORDDUSAGUENAY,SAGUENAYLACSAINTJEAN
,,941,Saguenay,2,Saguenay--Lac-Saint-Jean,DUBUC,SAGUENAY,SAGUENAYLACSAINTJEAN
902,Duplessis,992,Administration régionale Kativik,10,Nord-du-Québec,DUPLESSIS,ADMINISTRATIONREGIONALEKATIVIK,NORDDUQUEBEC
,,972,Caniapiscau,9,Côte-Nord,DUPLESSIS,CANIAPISCAU,COTENORD
,,982,Le Golfe-du-Saint-Laurent,9,Côte-Nord,DUPLESSIS,LEGOLFEDUSAINTLAURENT,COTENORD
,,981,Minganie,9,Côte-Nord,DUPLESSIS,MINGANIE,COTENORD
,,971,Sept-Rivières,9,Côte-Nord,DUPLESSIS,SEPTRIVIERES,COTENORD
466,Fabre,650,Laval,13,Laval,FABRE,LAVAL,LAVAL
854,Gaspé,30,La Côte-de-Gaspé,11,Gaspésie--Îles-de-la-Madeleine,GASPE,LACOTEDEGASPE,GASPESIEILESDELAMADELEINE
,,40,La Haute-Gaspésie,11,Gaspésie--Îles-de-la-Madeleine,GASPE,LAHAUTEGASPESIE,GASPESIEILESDELAMADELEINE
,,20,Le Rocher-Percé,11,Gaspésie--Îles-de-la-Madeleine,GASPE,LEROCHERPERCE,GASPESIEILESDELAMADELEINE
614,Gatineau,810,Gatineau,7,Outaouais,GATINEAU,GATINEAU,OUTAOUAIS
,,830,La Vallée-de-la-Gatineau,7,Outaouais,GATINEAU,LAVALLEEDELAGATINEAU,OUTAOUAIS
,,820,Les Collines-de-l'Outaouais,7,Outaouais,GATINEAU,LESCOLLINESDELOUTAOUAIS,OUTAOUAIS
346,Gouin,660,Montréal,6,Montréal,GOUIN,MONTREAL,MONTREAL
206,Granby,470,La Haute-Yamaska,16,Montérégie,GRANBY,LAHAUTEYAMASKA,MONTEREGIE
502,Groulx,730,Thérèse-De Blainville,15,Laurentides,GROULX,THERESEDEBLAINVILLE,LAURENTIDES
352,Hochelaga-Maisonneuve,660,Montréal,6,Montréal,HOCHELAGAMAISONNEUVE,MONTREAL,MONTREAL
602,Hull,810,Gatineau,7,Outaouais,HULL,GATINEAU,OUTAOUAIS
216,Huntingdon,700,Beauharnois-Salaberry,16,Montérégie,HUNTINGDON,BEAUHARNOISSALABERRY,MONTEREGIE
,,560,Le Haut-Richelieu,16,Montérégie,HUNTINGDON,LEHAUTRICHELIEU,MONTEREGIE
,,690,Le Haut-Saint-Laurent,16,Montérégie,HUNTINGDON,LEHAUTSAINTLAURENT,MONTEREGIE
,,680,Les Jardins-de-Napierville,16,Montérégie,HUNTINGDON,LESJARDINSDENAPIERVILLE,MONTEREGIE
210,Iberville,560,Le Haut-Richelieu,16,Montérégie,IBERVILLE,LEHAUTRICHELIEU,MONTEREGIE
,,550,Rouville,16,Montérégie,IBERVILLE,ROUVILLE,MONTEREGIE
858,Îles-de-la-Madeleine,10,Les Îles-de-la-Madeleine,11,Gaspésie--Îles-de-la-Madeleine,ILESDELAMADELEINE,LESILESDELAMADELEINE,GASPESIEILESDELAMADELEINE
310,Jacques-Cartier,660,Montréal,6,Montréal,JACQUESCARTIER,MONTREAL,MONTREAL
736,Jean-Lesage,230,Québec,3,Capitale-Nationale,JEANLESAGE,QUEBEC,CAPITALENATIONALE
364,Jeanne-Mance-Viger,660,Montréal,6,Montréal,JEANNEMANCEVIGER,MONTREAL,MONTREAL
702,Jean-Talon,230,Québec,3,Capitale-Nationale,JEANTALON,QUEBEC,CAPITALENATIONALE
126,Johnson,480,Acton,16,Montérégie,JOHNSON,ACTON,MONTEREGIE
,,490,Drummond,17,Centre-du-Québec,JOHNSON,DRUMMOND,CENTREDUQUEBEC
,,470,La Haute-Yamaska,16,Montérégie,JOHNSON,LAHAUTEYAMASKA,MONTEREGIE
,,540,Les Maskoutains,16,Montérégie,JOHNSON,LESMASKOUTAINS,MONTEREGIE
570,Joliette,610,Joliette,14,Lanaudière,JOLIETTE,JOLIETTE,LANAUDIERE
922,Jonquière,941,Saguenay,2,Saguenay--Lac-Saint-Jean,JONQUIERE,SAGUENAY,SAGUENAYLACSAINTJEAN
594,Labelle,790,Antoine-Labelle,15,Laurentides,LABELLE,ANTOINELABELLE,LAURENTIDES
,,780,Les Laurentides,15,Laurentides,LABELLE,LESLAURENTIDES,LAURENTIDES
926,Lac-Saint-Jean,930,Lac-Saint-Jean-Est,2,Saguenay--Lac-Saint-Jean,LACSAINTJEAN,LACSAINTJEANEST,SAGUENAYLACSAINTJEAN
,,942,Le Fjord-du-Saguenay,2,Saguenay--Lac-Saint-Jean,LACSAINTJEAN,LEFJORDDUSAGUENAY,SAGUENAYLACSAINTJEAN
,,920,Maria-Chapdelaine,2,Saguenay--Lac-Saint-Jean,LACSAINTJEAN,MARIACHAPDELAINE,SAGUENAYLACSAINTJEAN
390,LaFontaine,660,Montréal,6,Montréal,LAFONTAINE,MONTREAL,MONTREAL
720,La Peltrie,220,La Jacques-Cartier,3,Capitale-Nationale,LAPELTRIE,LAJACQUESCARTIER,CAPITALENATIONALE
,,230,Québec,3,Capitale-Nationale,LAPELTRIE,QUEBEC,CAPITALENATIONALE
236,La Pinière,580,Longueuil,16,Montérégie,LAPINIERE,LONGUEUIL,MONTEREGIE
244,Laporte,580,Longueuil,16,Montérégie,LAPORTE,LONGUEUIL,MONTEREGIE
232,La Prairie,670,Roussillon,16,Montérégie,LAPRAIRIE,ROUSSILLON,MONTEREGIE
554,L'Assomption,600,L'Assomption,14,Lanaudière,LASSOMPTION,LASSOMPTION,LANAUDIERE
344,Laurier-Dorion,660,Montréal,6,Montréal,LAURIERDORION,MONTREAL,MONTREAL
454,Laval-des-Rapides,650,Laval,13,Laval,LAVALDESRAPIDES,LAVAL,LAVAL
670,Laviolette-Saint-Maurice,900,La Tuque,4,Mauricie,LAVIOLETTESAINTMAURICE,LATUQUE,MAURICIE
,,372,Les Chenaux,4,Mauricie,LAVIOLETTESAINTMAURICE,LESCHENAUX,MAURICIE
,,350,Mékinac,4,Mauricie,LAVIOLETTESAINTMAURICE,MEKINAC,MAURICIE
,,360,Shawinigan,4,Mauricie,LAVIOLETTESAINTMAURICE,SHAWINIGAN,MAURICIE
530,Les Plaines,640,Les Moulins,14,Lanaudière,LESPLAINES,LESMOULINS,LANAUDIERE
,,740,Mirabel,15,Laurentides,LESPLAINES,MIRABEL,LAURENTIDES
,,730,Thérèse-De Blainville,15,Laurentides,LESPLAINES,THERESEDEBLAINVILLE,LAURENTIDES
818,Lévis,251,Lévis,12,Chaudière-Appalaches,LEVIS,LEVIS,CHAUDIEREAPPALACHES
810,Lotbinière-Frontenac,310,Les Appalaches,12,Chaudière-Appalaches,LOTBINIEREFRONTENAC,LESAPPALACHES,CHAUDIEREAPPALACHES
,,330,Lotbinière,12,Chaudière-Appalaches,LOTBINIEREFRONTENAC,LOTBINIERE,CHAUDIEREAPPALACHES
708,Louis-Hébert,230,Québec,3,Capitale-Nationale,LOUISHEBERT,QUEBEC,CAPITALENATIONALE
304,Marguerite-Bourgeoys,660,Montréal,6,Montréal,MARGUERITEBOURGEOYS,MONTREAL,MONTREAL
246,Marie-Victorin,580,Longueuil,16,Montérégie,MARIEVICTORIN,LONGUEUIL,MONTEREGIE
306,Marquette,660,Montréal,6,Montréal,MARQUETTE,MONTREAL,MONTREAL
666,Maskinongé,510,Maskinongé,4,Mauricie,MASKINONGE,MASKINONGE,MAURICIE
,,371,Trois-Rivières,4,Mauricie,MASKINONGE,TROISRIVIERES,MAURICIE
548,Masson,640,Les Moulins,14,Lanaudière,MASSON,LESMOULINS,LANAUDIERE
842,Matane-Matapédia,80,La Matanie,1,Bas-Saint-Laurent,MATANEMATAPEDIA,LAMATANIE,BASSAINTLAURENT
,,70,La Matapédia,1,Bas-Saint-Laurent,MATANEMATAPEDIA,LAMATAPEDIA,BASSAINTLAURENT
,,90,La Mitis,1,Bas-Saint-Laurent,MATANEMATAPEDIA,LAMITIS,BASSAINTLAURENT
340,Maurice-Richard,660,Montréal,6,Montréal,MAURICERICHARD,MONTREAL,MONTREAL
104,Mégantic,300,Le Granit,5,Estrie,MEGANTIC,LEGRANIT,ESTRIE
,,410,Le Haut-Saint-François,5,Estrie,MEGANTIC,LEHAUTSAINTFRANCOIS,ESTRIE
,,310,Les Appalaches,12,Chaudière-Appalaches,MEGANTIC,LESAPPALACHES,CHAUDIEREAPPALACHES
,,420,Le Val-Saint-François,5,Estrie,MEGANTIC,LEVALSAINTFRANCOIS,ESTRIE
350,Mercier,660,Montréal,6,Montréal,MERCIER,MONTREAL,MONTREAL
482,Mille-Îles,650,Laval,13,Laval,MILLEILES,LAVAL,LAVAL
514,Mirabel,720,Deux-Montagnes,15,Laurentides,MIRABEL,DEUXMONTAGNES,LAURENTIDES
,,740,Mirabel,15,Laurentides,MIRABEL,MIRABEL,LAURENTIDES
252,Montarville,580,Longueuil,16,Montérégie,MONTARVILLE,LONGUEUIL,MONTEREGIE
742,Montmorency,220,La Jacques-Cartier,3,Capitale-Nationale,MONTMORENCY,LAJACQUESCARTIER,CAPITALENATIONALE
,,230,Québec,3,Capitale-Nationale,MONTMORENCY,QUEBEC,CAPITALENATIONALE
336,Mont-Royal-Outremont,660,Montréal,6,Montréal,MONTROYALOUTREMONT,MONTREAL,MONTREAL
312,Nelligan,660,Montréal,6,Montréal,NELLIGAN,MONTREAL,MONTREAL
150,Nicolet-Bécancour,390,Arthabaska,17,Centre-du-Québec,NICOLETBECANCOUR,ARTHABASKA,CENTREDUQUEBEC
,,380,Bécancour,17,Centre-du-Québec,NICOLETBECANCOUR,BECANCOUR,CENTREDUQUEBEC
,,490,Drummond,17,Centre-du-Québec,NICOLETBECANCOUR,DRUMMOND,CENTREDUQUEBEC
,,500,Nicolet-Yamaska,17,Centre-du-Québec,NICOLETBECANCOUR,NICOLETYAMASKA,CENTREDUQUEBEC
324,Notre-Dame-de-Grâce,660,Montréal,6,Montréal,NOTREDAMEDEGRACE,MONTREAL,MONTREAL
120,Orford,420,Le Val-Saint-François,5,Estrie,ORFORD,LEVALSAINTFRANCOIS,ESTRIE
,,450,Memphrémagog,5,Estrie,ORFORD,MEMPHREMAGOG,ESTRIE
626,Papineau,810,Gatineau,7,Outaouais,PAPINEAU,GATINEAU,OUTAOUAIS
,,820,Les Collines-de-l'Outaouais,7,Outaouais,PAPINEAU,LESCOLLINESDELOUTAOUAIS,OUTAOUAIS
,,800,Papineau,7,Outaouais,PAPINEAU,PAPINEAU,OUTAOUAIS
380,Pointe-aux-Trembles,660,Montréal,6,Montréal,POINTEAUXTREMBLES,MONTREAL,MONTREAL
608,Pontiac,810,Gatineau,7,Outaouais,PONTIAC,GATINEAU,OUTAOUAIS
,,820,Les Collines-de-l'Outaouais,7,Outaouais,PONTIAC,LESCOLLINESDELOUTAOUAIS,OUTAOUAIS
,,840,Pontiac,7,Outaouais,PONTIAC,PONTIAC,OUTAOUAIS
714,Portneuf,340,Portneuf,3,Capitale-Nationale,PORTNEUF,PORTNEUF,CAPITALENATIONALE
582,Prévost,750,La Rivière-du-Nord,15,Laurentides,PREVOST,LARIVIEREDUNORD,LAURENTIDES
,,770,Les Pays-d'en-Haut,15,Laurentides,PREVOST,LESPAYSDENHAUT,LAURENTIDES
906,René-Lévesque,950,La Haute-Côte-Nord,9,Côte-Nord,RENELEVESQUE,LAHAUTECOTENORD,COTENORD
,,960,Manicouagan,9,Côte-Nord,RENELEVESQUE,MANICOUAGAN,COTENORD
560,Repentigny,600,L'Assomption,14,Lanaudière,REPENTIGNY,LASSOMPTION,LANAUDIERE
264,Richelieu,540,Les Maskoutains,16,Montérégie,RICHELIEU,LESMASKOUTAINS,MONTEREGIE
,,530,Pierre-De Saurel,16,Montérégie,RICHELIEU,PIERREDESAUREL,MONTEREGIE
132,Richmond,400,Les Sources,5,Estrie,RICHMOND,LESSOURCES,ESTRIE
,,420,Le Val-Saint-François,5,Estrie,RICHMOND,LEVALSAINTFRANCOIS,ESTRIE
,,430,Sherbrooke,5,Estrie,RICHMOND,SHERBROOKE,ESTRIE
838,Rimouski,100,Rimouski-Neigette,1,Bas-Saint-Laurent,RIMOUSKI,RIMOUSKINEIGETTE,BASSAINTLAURENT
834,Rivière-du-Loup-Témiscouata,110,Les Basques,1,Bas-Saint-Laurent,RIVIEREDULOUPTEMISCOUATA,LESBASQUES,BASSAINTLAURENT
,,120,Rivière-du-Loup,1,Bas-Saint-Laurent,RIVIEREDULOUPTEMISCOUATA,RIVIEREDULOUP,BASSAINTLAURENT
,,130,Témiscouata,1,Bas-Saint-Laurent,RIVIEREDULOUPTEMISCOUATA,TEMISCOUATA,BASSAINTLAURENT
316,Robert-Baldwin,660,Montréal,6,Montréal,ROBERTBALDWIN,MONTREAL,MONTREAL
930,Roberval,910,Le Domaine-du-Roy,2,Saguenay--Lac-Saint-Jean,ROBERVAL,LEDOMAINEDUROY,SAGUENAYLACSAINTJEAN
,,920,Maria-Chapdelaine,2,Saguenay--Lac-Saint-Jean,ROBERVAL,MARIACHAPDELAINE,SAGUENAYLACSAINTJEAN
356,Rosemont,660,Montréal,6,Montréal,ROSEMONT,MONTREAL,MONTREAL
576,Rousseau,630,Montcalm,14,Lanaudière,ROUSSEAU,MONTCALM,LANAUDIERE
636,Rouyn-Noranda-Témiscamingue,860,Rouyn-Noranda,8,Abitibi-Témiscamingue,ROUYNNORANDATEMISCAMINGUE,ROUYNNORANDA,ABITIBITEMISCAMINGUE
,,850,Témiscamingue,8,Abitibi-Témiscamingue,ROUYNNORANDATEMISCAMINGUE,TEMISCAMINGUE,ABITIBITEMISCAMINGUE
110,Saint-François,440,Coaticook,5,Estrie,SAINTFRANCOIS,COATICOOK,ESTRIE
,,430,Sherbrooke,5,Estrie,SAINTFRANCOIS,SHERBROOKE,ESTRIE
326,Saint-Henri-Sainte-Anne,660,Montréal,6,Montréal,SAINTHENRISAINTANNE,MONTREAL,MONTREAL
260,Saint-Hyacinthe,540,Les Maskoutains,16,Montérégie,SAINTHYACINTHE,LESMASKOUTAINS,MONTEREGIE
212,Saint-Jean,560,Le Haut-Richelieu,16,Montérégie,SAINTJEAN,LEHAUTRICHELIEU,MONTEREGIE
526,Saint-Jérôme,750,La Rivière-du-Nord,15,Laurentides,SAINTJEROME,LARIVIEREDUNORD,LAURENTIDES
318,Saint-Laurent,660,Montréal,6,Montréal,SAINTLAURENT,MONTREAL,MONTREAL
330,Sainte-Marie-Saint-Jacques,660,Montréal,6,Montréal,SAINTMARIESAINTJACQUES,MONTREAL,MONTREAL
470,Sainte-Rose,650,Laval,13,Laval,SAINTROSE,LAVAL,LAVAL
230,Sanguinet,680,Les Jardins-de-Napierville,16,Montérégie,SANGUINET,LESJARDINSDENAPIERVILLE,MONTEREGIE
,,670,Roussillon,16,Montérégie,SANGUINET,ROUSSILLON,MONTEREGIE
116,Sherbrooke,430,Sherbrooke,5,Estrie,SHERBROOKE,SHERBROOKE,ESTRIE
220,Soulanges,710,Vaudreuil-Soulanges,16,Montérégie,SOULANGES,VAUDREUILSOULANGES,MONTEREGIE
250,Taillon,580,Longueuil,16,Montérégie,TAILLON,LONGUEUIL,MONTEREGIE
730,Taschereau,230,Québec,3,Capitale-Nationale,TASCHEREAU,QUEBEC,CAPITALENATIONALE
542,Terrebonne,640,Les Moulins,14,Lanaudière,TERREBONNE,LESMOULINS,LANAUDIERE
660,Trois-Rivières,371,Trois-Rivières,4,Mauricie,TROISRIVIERES,TROISRIVIERES,MAURICIE
938,Ungava,992,Administration régionale Kativik,10,Nord-du-Québec,UNGAVA,ADMINISTRATIONREGIONALEKATIVIK,NORDDUQUEBEC
,,993,Eeyou Istchee,10,Nord-du-Québec,UNGAVA,EEYOUISTCHEE,NORDDUQUEBEC
,,991,Jamésie,10,Nord-du-Québec,UNGAVA,JAMESIE,NORDDUQUEBEC
240,Vachon,580,Longueuil,16,Montérégie,VACHON,LONGUEUIL,MONTEREGIE
726,Vanier-Les Rivières,230,Québec,3,Capitale-Nationale,VANIERLESRIVIERES,QUEBEC,CAPITALENATIONALE
224,Vaudreuil,710,Vaudreuil-Soulanges,16,Montérégie,VAUDREUIL,VAUDREUILSOULANGES,MONTEREGIE
256,Verchères,590,Marguerite-D'Youville,16,Montérégie,VERCHERES,MARGUERITEDYOUVILLE,MONTEREGIE
300,Verdun,660,Montréal,6,Montréal,VERDUN,MONTREAL,MONTREAL
358,Viau,660,Montréal,6,Montréal,VIAU,MONTREAL,MONTREAL
476,Vimont,650,Laval,13,Laval,VIMONT,LAVAL,LAVAL
332,Westmount-Saint-Louis,660,Montréal,6,Montréal,WESTMOUNTSAINTLOUIS,MONTREAL,MONTREAL
