CODE_CIRC,circon,CODE_RA,RA,TRI_CIRC,TRI_RA
648,Abitibi-Est,8,Abitibi-Témiscamingue,ABITIBIEST,ABITIBITEMISCAMINGUE
642,Abitibi-Ouest,8,Abitibi-Témiscamingue,ABITIBIOUEST,ABITIBITEMISCAMINGUE
338,Acadie,6,Montréal,ACADIE,MONTREAL
366,Anjou-Louis-Riel,6,Montréal,ANJOULOUISRIEL,MONTREAL
520,Argenteuil,15,Laurentides,ARGENTEUIL,LAURENTIDES
144,Arthabaska,17,Centre-du-Québec,ARTHABASKA,CENTREDUQUEBEC
806,Beauce-Nord,12,Chaudière-Appalaches,BEAUCENORD,CHAUDIEREAPPALACHES
802,Beauce-Sud,12,Chaudière-Appalaches,BEAUCESUD,CHAUDIEREAPPALACHES
,,5,Estrie,BEAUCESUD,ESTRIE
218,Beauharnois,16,Montérégie,BEAUHARNOIS,MONTEREGIE
822,Bellechasse,12,Chaudière-Appalaches,BELLECHASSE,CHAUDIEREAPPALACHES
566,Berthier,14,Lanaudière,BERTHIER,LANAUDIERE
588,Bertrand,14,Lanaudière,BERTRAND,LANAUDIERE
,,15,Laurentides,BERTRAND,LAURENTIDES
536,Blainville,15,Laurentides,BLAINVILLE,LAURENTIDES
850,Bonaventure,11,Gaspésie--Îles-de-la-Madeleine,BONAVENTURE,GASPESIEILESDELAMADELEINE
258,Borduas,16,Montérégie,BORDUAS,MONTEREGIE
360,Bourassa-Sauvé,6,Montréal,BOURASSASAUVE,MONTREAL
370,Bourget,6,Montréal,BOURGET,MONTREAL
204,Brome-Missisquoi,16,Montérégie,BROMEMISSISQUOI,MONTEREGIE
238,Chambly,16,Montérégie,CHAMBLY,MONTEREGIE
676,Champlain,4,Mauricie,CHAMPLAIN,MAURICIE
620,Chapleau,7,Outaouais,CHAPLEAU,OUTAOUAIS
748,Charlesbourg,3,Capitale-Nationale,CHARLESBOURG,CAPITALENATIONALE
760,Charlevoix-Côte-de-Beaupré,3,Capitale-Nationale,CHARLEVOIXCOTEDEBEAUPRE,CAPITALENATIONALE
226,Châteauguay,16,Montérégie,CHATEAUGUAY,MONTEREGIE
754,Chauveau,3,Capitale-Nationale,CHAUVEAU,CAPITALENATIONALE
918,Chicoutimi,2,Saguenay--Lac-Saint-Jean,CHICOUTIMI,SAGUENAYLACSAINTJEAN
460,Chomedey,13,Laval,CHOMEDEY,LAVAL
814,Chutes-de-la-Chaudière,12,Chaudière-Appalaches,CHUTESDELACHAUDIERE,CHAUDIEREAPPALACHES
826,Côte-du-Sud,1,Bas-Saint-Laurent,COTEDUSUD,BASSAINTLAURENT
,,12,Chaudière-Appalaches,COTEDUSUD,CHAUDIEREAPPALACHES
320,D'Arcy-McGee,6,Montréal,DARCYMCGEE,MONTREAL
508,Deux-Montagnes,15,Laurentides,DEUXMONTAGNES,LAURENTIDES
138,Drummond-Bois-Francs,17,Centre-du-Québec,DRUMMONDBOISFRANCS,CENTREDUQUEBEC
914,Dubuc,2,Saguenay--Lac-Saint-Jean,DUBUC,SAGUENAYLACSAINTJEAN
902,Duplessis,9,Côte-Nord,DUPLESSIS,COTENORD
,,10,Nord-du-Québec,DUPLESSIS,NORDDUQUEBEC
466,Fabre,13,Laval,FABRE,LAVAL
854,Gaspé,11,Gaspésie--Îles-de-la-Madeleine,GASPE,GASPESIEILESDELAMADELEINE
614,Gatineau,7,Outaouais,GATINEAU,OUTAOUAIS
346,Gouin,6,Montréal,GOUIN,MONTREAL
206,Granby,16,Montérégie,GRANBY,MONTEREGIE
502,Groulx,15,Laurentides,GROULX,LAURENTIDES
352,Hochelaga-Maisonneuve,6,Montréal,HOCHELAGAMAISONNEUVE,MONTREAL
602,Hull,7,Outaouais,HULL,OUTAOUAIS
216,Huntingdon,16,Montérégie,HUNTINGDON,MONTEREGIE
210,Iberville,16,Montérégie,IBERVILLE,MONTEREGIE
858,Îles-de-la-Madeleine,11,Gaspésie--Îles-de-la-Madeleine,ILESDELAMADELEINE,GASPESIEILESDELAMADELEINE
310,Jacques-Cartier,6,Montréal,JACQUESCARTIER,MONTREAL
736,Jean-Lesage,3,Capitale-Nationale,JEANLESAGE,CAPITALENATIONALE
364,Jeanne-Mance-Viger,6,Montréal,JEANNEMANCEVIGER,MONTREAL
702,Jean-Talon,3,Capitale-Nationale,JEANTALON,CAPITALENATIONALE
126,Johnson,17,Centre-du-Québec,JOHNSON,CENTREDUQUEBEC
,,16,Montérégie,JOHNSON,MONTEREGIE
570,Joliette,14,Lanaudière,JOLIETTE,LANAUDIERE
922,Jonquière,2,Saguenay--Lac-Saint-Jean,JONQUIERE,SAGUENAYLACSAINTJEAN
594,Labelle,15,Laurentides,LABELLE,LAURENTIDES
926,Lac-Saint-Jean,2,Saguenay--Lac-Saint-Jean,LACSAINTJEAN,SAGUENAYLACSAINTJEAN
390,LaFontaine,6,Montréal,LAFONTAINE,MONTREAL
720,La Peltrie,3,Capitale-Nationale,LAPELTRIE,CAPITALENATIONALE
236,La Pinière,16,Montérégie,LAPINIERE,MONTEREGIE
244,Laporte,16,Montérégie,LAPORTE,MONTEREGIE
232,La Prairie,16,Montérégie,LAPRAIRIE,MONTEREGIE
554,L'Assomption,14,Lanaudière,LASSOMPTION,LANAUDIERE
344,Laurier-Dorion,6,Montréal,LAURIERDORION,MONTREAL
454,Laval-des-Rapides,13,Laval,LAVALDESRAPIDES,LAVAL
670,Laviolette-Saint-Maurice,4,Mauricie,LAVIOLETTESAINTMAURICE,MAURICIE
530,Les Plaines,14,Lanaudière,LESPLAINES,LANAUDIERE
,,15,Laurentides,LESPLAINES,LAURENTIDES
818,Lévis,12,Chaudière-Appalaches,LEVIS,CHAUDIEREAPPALACHES
810,Lotbinière-Frontenac,12,Chaudière-Appalaches,LOTBINIEREFRONTENAC,CHAUDIEREAPPALACHES
708,Louis-Hébert,3,Capitale-Nationale,LOUISHEBERT,CAPITALENATIONALE
304,Marguerite-Bourgeoys,6,Montréal,MARGUERITEBOURGEOYS,MONTREAL
246,Marie-Victorin,16,Montérégie,MARIEVICTORIN,MONTEREGIE
306,Marquette,6,Montréal,MARQUETTE,MONTREAL
666,Maskinongé,4,Mauricie,MASKINONGE,MAURICIE
548,Masson,14,Lanaudière,MASSON,LANAUDIERE
842,Matane-Matapédia,1,Bas-Saint-Laurent,MATANEMATAPEDIA,BASSAINTLAURENT
340,Maurice-Richard,6,Montréal,MAURICERICHARD,MONTREAL
104,Mégantic,12,Chaudière-Appalaches,MEGANTIC,CHAUDIEREAPPALACHES
,,5,Estrie,MEGANTIC,ESTRIE
350,Mercier,6,Montréal,MERCIER,MONTREAL
482,Mille-Îles,13,Laval,MILLEILES,LAVAL
514,Mirabel,15,Laurentides,MIRABEL,LAURENTIDES
252,Montarville,16,Montérégie,MONTARVILLE,MONTEREGIE
742,Montmorency,3,Capitale-Nationale,MONTMORENCY,CAPITALENATIONALE
336,Mont-Royal-Outremont,6,Montréal,MONTROYALOUTREMONT,MONTREAL
312,Nelligan,6,Montréal,NELLIGAN,MONTREAL
150,Nicolet-Bécancour,17,Centre-du-Québec,NICOLETBECANCOUR,CENTREDUQUEBEC
324,Notre-Dame-de-Grâce,6,Montréal,NOTREDAMEDEGRACE,MONTREAL
120,Orford,5,Estrie,ORFORD,ESTRIE
626,Papineau,7,Outaouais,PAPINEAU,OUTAOUAIS
380,Pointe-aux-Trembles,6,Montréal,POINTEAUXTREMBLES,MONTREAL
608,Pontiac,7,Outaouais,PONTIAC,OUTAOUAIS
714,Portneuf,3,Capitale-Nationale,PORTNEUF,CAPITALENATIONALE
582,Prévost,15,Laurentides,PREVOST,LAURENTIDES
906,René-Lévesque,9,Côte-Nord,RENELEVESQUE,COTENORD
560,Repentigny,14,Lanaudière,REPENTIGNY,LANAUDIERE
264,Richelieu,16,Montérégie,RICHELIEU,MONTEREGIE
132,Richmond,5,Estrie,RICHMOND,ESTRIE
838,Rimouski,1,Bas-Saint-Laurent,RIMOUSKI,BASSAINTLAURENT
834,Rivière-du-Loup-Témiscouata,1,Bas-Saint-Laurent,RIVIEREDULOUPTEMISCOUATA,BASSAINTLAURENT
316,Robert-Baldwin,6,Montréal,ROBERTBALDWIN,MONTREAL
930,Roberval,2,Saguenay--Lac-Saint-Jean,ROBERVAL,SAGUENAYLACSAINTJEAN
356,Rosemont,6,Montréal,ROSEMONT,MONTREAL
576,Rousseau,14,Lanaudière,ROUSSEAU,LANAUDIERE
636,Rouyn-Noranda-Témiscamingue,8,Abitibi-Témiscamingue,ROUYNNORANDATEMISCAMINGUE,ABITIBITEMISCAMINGUE
110,Saint-François,5,Estrie,SAINTFRANCOIS,ESTRIE
326,Saint-Henri-Sainte-Anne,6,Montréal,SAINTHENRISAINTANNE,MONTREAL
260,Saint-Hyacinthe,16,Montérégie,SAINTHYACINTHE,MONTEREGIE
212,Saint-Jean,16,Montérégie,SAINTJEAN,MONTEREGIE
526,Saint-Jérôme,15,Laurentides,SAINTJEROME,LAURENTIDES
318,Saint-Laurent,6,Montréal,SAINTLAURENT,MONTREAL
330,Sainte-Marie-Saint-Jacques,6,Montréal,SAINTMARIESAINTJACQUES,MONTREAL
470,Sainte-Rose,13,Laval,SAINTROSE,LAVAL
230,Sanguinet,16,Montérégie,SANGUINET,MONTEREGIE
116,Sherbrooke,5,Estrie,SHERBROOKE,ESTRIE
220,Soulanges,16,Montérégie,SOULANGES,MONTEREGIE
250,Taillon,16,Montérégie,TAILLON,MONTEREGIE
730,Taschereau,3,Capitale-Nationale,TASCHEREAU,CAPITALENATIONALE
542,Terrebonne,14,Lanaudière,TERREBONNE,LANAUDIERE
660,Trois-Rivières,4,Mauricie,TROISRIVIERES,MAURICIE
938,Ungava,10,Nord-du-Québec,UNGAVA,NORDDUQUEBEC
240,Vachon,16,Montérégie,VACHON,MONTEREGIE
726,Vanier-Les Rivières,3,Capitale-Nationale,VANIERLESRIVIERES,CAPITALENATIONALE
224,Vaudreuil,16,Montérégie,VAUDREUIL,MONTEREGIE
256,Verchères,16,Montérégie,VERCHERES,MONTEREGIE
300,Verdun,6,Montréal,VERDUN,MONTREAL
358,Viau,6,Montréal,VIAU,MONTREAL
476,Vimont,13,Laval,VIMONT,LAVAL
332,Westmount-Saint-Louis,6,Montréal,WESTMOUNTSAINTLOUIS,MONTREAL
