id,nom
1,Cheetah
2,Owl monkey
3,Mountain beaver
4,Greater short-tailed shrew
5,Cow
6,Three-toed sloth
7,Northern fur seal
8,Vesper mouse
9,Dog
10,Roe deer
11,Goat
12,Guinea pig
13,Grivet
14,Chinchilla
15,Star-nosed mole
16,African giant pouched rat
17,Lesser short-tailed shrew
18,Long-nosed armadillo
19,Tree hyrax
20,North American Opossum
21,Asian elephant
22,Big brown bat
23,Horse
24,Donkey
25,European hedgehog
26,Patas monkey
27,Western american chipmunk
28,Domestic cat
29,Galago
30,Giraffe
31,Pilot whale
32,Gray seal
33,Gray hyrax
34,Human
35,Mongoose lemur
36,African elephant
37,Thick-tailed opposum
38,Macaque
39,Mongolian gerbil
40,Golden hamster
41,Vole 
42,House mouse
43,Little brown bat
44,Round-tailed muskrat
45,Slow loris
46,Degu
47,Northern grasshopper mouse
48,Rabbit
49,Sheep
50,Chimpanzee
51,Tiger
52,Jaguar
53,Lion
54,Baboon
55,Desert hedgehog
56,Potto
57,Deer mouse
58,Phalanger
59,Caspian seal
60,Common porpoise
61,Potoroo
62,Giant armadillo
63,Rock hyrax
64,Laboratory rat
65,African striped mouse
66,Squirrel monkey
67,Eastern american mole
68,Cotton rat
69,Mole rat
70,Arctic ground squirrel
71,Thirteen-lined ground squirrel
72,Golden-mantled ground squirrel
73,Musk shrew
74,Pig
75,Short-nosed echidna
76,Eastern american chipmunk
77,Brazilian tapir
78,Tenrec
79,Tree shrew
80,Bottle-nosed dolphin
81,Genet
82,Arctic fox
83,Red fox
